Class,Roll No,Name,Paper 1,Paper 2,Paper 3,Paper 4,Paper 5
BBA,1505,Abrar,96,64,58,55,49
BA English,4218,Ahmed,72,40,89,70,65
BSc Maths,7186,Akash,95,50,95,87,90
BSc CS,4577,Althaf,80,42,88,62,46
BBA,2688,Arun Kanna,75,56,85,68,59
BA English,6863,Arunagirinathan,40,42,59,83,83
BSc Maths,8516,Dhanush,43,91,82,81,66
BSc CS,2013,Ehtisham,36,98,66,76,36
BSc Maths,1640,Fairose,93,36,94,70,96
BBA,8831,Imran,81,90,56,36,63
BA English,5824,Jaffer,90,84,39,70,74
BCom,8014,Jalal,73,38,40,35,95
BSc Maths,6536,Jeeva,43,58,67,70,46
BCom,4843,John,45,72,59,37,100
BBA,8655,Kamaleah,95,62,92,47,46
BBA,1682,Khizar,82,98,81,78,47
BBA,3738,Kishore,67,92,90,41,93
BSc CS,5184,Lokesh,76,56,63,46,82
BA English,6369,Faizan,94,63,81,65,66
BSc Maths,9644,Meeran,96,100,85,91,74
BA English,4562,Yunus,39,88,50,79,96
BBA,4399,AbuTalim,94,98,86,57,50
BBA,1913,Anas,37,57,98,49,90
BSc Maths,3082,Atheeq,60,60,76,73,45
BCom,1775,Bilal,93,71,80,47,39
BBA,2004,Muzammil,88,81,94,70,94
BSc CS,1709,Tahoor,96,74,79,42,53
BSc CS,5259,Zaid,95,81,69,56,97
BA English,9136,Mohanamoorthy,39,82,70,68,59
BBA,2963,Mohan ,75,95,48,56,51
BCom,3681,Pencil,97,95,48,57,98
BSc CS,7348,Pradeep,90,74,77,77,99
BSc Maths,6256,Praveen,82,47,37,80,91
BSc CS,1950,Prithivi,53,88,63,66,66
BCom,5634,Purushoth,57,50,41,67,68
BSc Maths,7581,Saad,74,71,78,63,77
BA English,5842,Santhosh,64,49,59,48,82
BA English,7341,Sawwood,53,85,46,54,69
BSc CS,9132,SharuKhan R,67,54,37,37,67
BSc CS,5207,Sharrukhan S,73,52,100,74,90
BSc CS,3047,Silambu,83,54,54,85,84
BSc CS,2128,Suresh,73,66,98,82,65
BSc CS,5133,Talha,43,88,56,80,36
BSc CS,6487,Thiru,53,79,66,41,96
BA English,2791,Umar,57,85,45,62,69
BA English,1075,Vignesh,74,82,58,77,65
BCom,8952,Vinothan,73,61,57,57,69
BCom,7895,Vishwa,54,87,58,35,68
BA English,9100,Yunus Khan,48,60,82,47,37
BA English,6994,Zaheer,71,58,90,69,62
